-- --------------------------------------------------------
-- Host:                         C:\Users\manel\COSAS\2DAM_PRES\TFG\metro_soria-react\assets\db\metro_soria.db
-- Server version:               3.48.0
-- Server OS:                    
-- HeidiSQL Version:             12.10.0.7000
-- --------------------------------------------------------

/*!40101 SET @OLD_CHARACTER_SET_CLIENT=@@CHARACTER_SET_CLIENT */;
/*!40101 SET NAMES  */;
/*!40103 SET @OLD_TIME_ZONE=@@TIME_ZONE */;
/*!40103 SET TIME_ZONE='+00:00' */;
/*!40014 SET @OLD_FOREIGN_KEY_CHECKS=@@FOREIGN_KEY_CHECKS, FOREIGN_KEY_CHECKS=0 */;
/*!40101 SET @OLD_SQL_MODE=@@SQL_MODE, SQL_MODE='NO_AUTO_VALUE_ON_ZERO' */;
/*!40111 SET @OLD_SQL_NOTES=@@SQL_NOTES, SQL_NOTES=0 */;


-- Dumping database structure for metro_soria
CREATE DATABASE IF NOT EXISTS "metro_soria";
;

-- Dumping structure for table metro_soria.lines
CREATE TABLE IF NOT EXISTS lines(
	id INTEGER PRIMARY KEY AUTOINCREMENT,
	line_name VARCHAR(50) NOT NULL,
	origin_id INTEGER NOT NULL,
	destination_id INTEGER,

    FOREIGN KEY(origin_id) REFERENCES stops(id)
    FOREIGN KEY(destination_id) REFERENCES stops(id)
);

-- Dumping data for table metro_soria.lines: 5 rows
DELETE FROM "lines";
/*!40000 ALTER TABLE "lines" DISABLE KEYS */;
INSERT INTO "lines" ("id", "line_name", "origin_id", "destination_id") VALUES
	(1, 'L1', 1, NULL),
	(2, 'L1e', 1, 21),
	(3, 'L2a', 13, 21),
	(4, 'L2b', 13, 26),
	(5, 'L2e', 26, 21);
/*!40000 ALTER TABLE "lines" ENABLE KEYS */;

-- Dumping structure for table metro_soria.route_stations
CREATE TABLE IF NOT EXISTS route_stations (
    id INTEGER PRIMARY KEY AUTOINCREMENT,
    route_id INTEGER NOT NULL,
    stop_id INTEGER NOT NULL,
    next_station_id INTEGER,
    time_to_next INTEGER,

    FOREIGN KEY (route_id) REFERENCES lines(id),
    FOREIGN KEY (stop_id) REFERENCES stops(id),
    FOREIGN KEY (next_station_id) REFERENCES stops(id)
);

-- Dumping data for table metro_soria.route_stations: 54 rows
DELETE FROM "route_stations";
/*!40000 ALTER TABLE "route_stations" DISABLE KEYS */;
INSERT INTO "route_stations" ("id", "route_id", "stop_id", "next_station_id", "time_to_next") VALUES
	(1, 1, 1, 2, 2),
	(2, 1, 2, 3, 2),
	(3, 1, 3, 4, 2),
	(4, 1, 4, 5, 2),
	(5, 1, 5, 6, 2),
	(6, 1, 6, 7, 2),
	(7, 1, 7, 8, 2),
	(8, 1, 8, 9, 2),
	(9, 1, 9, 10, 2),
	(10, 1, 10, 11, 2),
	(11, 1, 11, 12, 2),
	(12, 1, 12, 1, 2),
	(13, 1, 1, NULL, NULL),
	(14, 2, 1, 2, 2),
	(15, 2, 2, 3, 2),
	(16, 2, 3, 4, 2),
	(17, 2, 4, 17, 2),
	(18, 2, 17, 18, 2),
	(19, 2, 18, 19, 2),
	(20, 2, 19, 20, 2),
	(21, 2, 20, 21, 2),
	(22, 2, 21, NULL, NULL),
	(23, 3, 13, 14, 2),
	(24, 3, 14, 15, 2),
	(25, 3, 15, 10, 2),
	(26, 3, 10, 16, 2),
	(27, 3, 16, 5, 2),
	(28, 3, 5, 17, 2),
	(29, 3, 17, 18, 2),
	(30, 3, 18, 19, 2),
	(31, 3, 19, 20, 2),
	(32, 3, 20, 21, 2),
	(33, 3, 21, NULL, NULL),
	(34, 4, 13, 14, 2),
	(35, 4, 14, 15, 2),
	(36, 4, 15, 10, 2),
	(37, 4, 10, 16, 2),
	(38, 4, 16, 5, 2),
	(39, 4, 5, 17, 2),
	(40, 4, 17, 18, 2),
	(41, 4, 18, 19, 2),
	(42, 4, 19, 22, 2),
	(43, 4, 22, 23, 2),
	(44, 4, 23, 24, 2),
	(45, 4, 24, 25, 2),
	(46, 4, 25, 26, 2),
	(47, 4, 26, NULL, NULL),
	(48, 5, 21, 20, 2),
	(49, 5, 20, 22, 2),
	(50, 5, 22, 23, 2),
	(51, 5, 23, 24, 2),
	(52, 5, 24, 25, 2),
	(53, 5, 25, 26, 2),
	(54, 5, 26, NULL, NULL);
/*!40000 ALTER TABLE "route_stations" ENABLE KEYS */;

-- Dumping structure for table metro_soria.stops
CREATE TABLE IF NOT EXISTS stops (
    stop_id INTEGER PRIMARY KEY AUTOINCREMENT,
    name TEXT
);

-- Dumping data for table metro_soria.stops: 26 rows
DELETE FROM "stops";
/*!40000 ALTER TABLE "stops" DISABLE KEYS */;
INSERT INTO "stops" ("stop_id", "name") VALUES
	(1, 'Estación de Soria'),
	(2, 'Europa'),
	(3, 'Segovia'),
	(4, 'Eduardo Saavedra'),
	(5, 'Constitución'),
	(6, 'Juan Antonio Gaya Nuño'),
	(7, 'Hospital'),
	(8, 'Polideportivo'),
	(9, 'Tejera'),
	(10, 'Mariano Granados'),
	(11, 'Mariano Vicén'),
	(12, 'Los Pajaritos'),
	(13, 'Concatedral'),
	(14, 'La Arboleda'),
	(15, 'Plaza del Rosel y San Blas'),
	(16, 'Valladolid'),
	(17, 'Zamora'),
	(18, 'Piqueras'),
	(19, 'Pontevedra'),
	(20, 'Centro Comercial Camaretas'),
	(21, 'Las Camaretas'),
	(22, 'Polígono (Oeste)'),
	(23, 'Polígono (Centro)'),
	(24, 'Polígono (Este)'),
	(25, 'Polígono (Norte)'),
	(26, 'Las Casas');
/*!40000 ALTER TABLE "stops" ENABLE KEYS */;

-- Dumping structure for table metro_soria.trains
CREATE TABLE IF NOT EXISTS trains(	
	id INTEGER PRIMARY KEY AUTOINCREMENT,
	route_id INTEGER NOT NULL,
	direction VARCHAR CHECK(direction IN ('IDA','VUELTA') ) NOT NULL DEFAULT ('IDA'),
	departure_time INTEGER NOT NULL CHECK( departure_time >= 0 AND departure_time < 1440),
	
	FOREIGN KEY (route_id) REFERENCES route_stations(route_id)
);

-- Dumping data for table metro_soria.trains: 458 rows
DELETE FROM "trains";
/*!40000 ALTER TABLE "trains" DISABLE KEYS */;
INSERT INTO "trains" ("id", "route_id", "direction", "departure_time") VALUES
	(1, 1, 'IDA', 330),
	(2, 1, 'IDA', 343),
	(3, 1, 'IDA', 356),
	(4, 1, 'IDA', 369),
	(5, 1, 'IDA', 382),
	(6, 1, 'IDA', 395),
	(7, 1, 'IDA', 408),
	(8, 1, 'IDA', 421),
	(9, 1, 'IDA', 434),
	(10, 1, 'IDA', 447),
	(11, 1, 'IDA', 460),
	(12, 1, 'IDA', 473),
	(13, 1, 'IDA', 486),
	(14, 1, 'IDA', 499),
	(15, 1, 'IDA', 512),
	(16, 1, 'IDA', 525),
	(17, 1, 'IDA', 538),
	(18, 1, 'IDA', 551),
	(19, 1, 'IDA', 564),
	(20, 1, 'IDA', 577),
	(21, 1, 'IDA', 590),
	(22, 1, 'IDA', 603),
	(23, 1, 'IDA', 616),
	(24, 1, 'IDA', 629),
	(25, 1, 'IDA', 642),
	(26, 1, 'IDA', 655),
	(27, 1, 'IDA', 668),
	(28, 1, 'IDA', 681),
	(29, 1, 'IDA', 694),
	(30, 1, 'IDA', 707),
	(31, 1, 'IDA', 720),
	(32, 1, 'IDA', 733),
	(33, 1, 'IDA', 746),
	(34, 1, 'IDA', 759),
	(35, 1, 'IDA', 772),
	(36, 1, 'IDA', 785),
	(37, 1, 'IDA', 798),
	(38, 1, 'IDA', 811),
	(39, 1, 'IDA', 824),
	(40, 1, 'IDA', 837),
	(41, 1, 'IDA', 850),
	(42, 1, 'IDA', 863),
	(43, 1, 'IDA', 876),
	(44, 1, 'IDA', 889),
	(45, 1, 'IDA', 902),
	(46, 1, 'IDA', 915),
	(47, 1, 'IDA', 928),
	(48, 1, 'IDA', 941),
	(49, 1, 'IDA', 954),
	(50, 1, 'IDA', 967),
	(51, 1, 'IDA', 980),
	(52, 1, 'IDA', 993),
	(53, 1, 'IDA', 1006),
	(54, 1, 'IDA', 1019),
	(55, 1, 'IDA', 1032),
	(56, 1, 'IDA', 1045),
	(57, 1, 'IDA', 1058),
	(58, 1, 'IDA', 1071),
	(59, 1, 'IDA', 1084),
	(60, 1, 'IDA', 1097),
	(61, 1, 'IDA', 1110),
	(62, 1, 'IDA', 1123),
	(63, 1, 'IDA', 1136),
	(64, 1, 'IDA', 1149),
	(65, 1, 'IDA', 1162),
	(66, 1, 'IDA', 1175),
	(67, 1, 'IDA', 1188),
	(68, 1, 'IDA', 1201),
	(69, 1, 'IDA', 1214),
	(70, 1, 'IDA', 1227),
	(71, 1, 'IDA', 1240),
	(72, 1, 'IDA', 1253),
	(73, 1, 'IDA', 1266),
	(74, 1, 'IDA', 1279),
	(75, 1, 'IDA', 1292),
	(76, 1, 'IDA', 1305),
	(77, 1, 'IDA', 1318),
	(78, 1, 'IDA', 1331),
	(79, 1, 'IDA', 1344),
	(80, 1, 'IDA', 1357),
	(81, 1, 'IDA', 1370),
	(82, 1, 'IDA', 1383),
	(83, 1, 'IDA', 1396),
	(84, 1, 'IDA', 1409),
	(85, 1, 'IDA', 1422),
	(86, 1, 'IDA', 1435),
	(87, 1, 'IDA', 8),
	(88, 1, 'IDA', 21),
	(89, 1, 'IDA', 34),
	(90, 1, 'IDA', 47),
	(91, 1, 'VUELTA', 343),
	(92, 1, 'VUELTA', 356),
	(93, 1, 'VUELTA', 369),
	(94, 1, 'VUELTA', 382),
	(95, 1, 'VUELTA', 395),
	(96, 1, 'VUELTA', 408),
	(97, 1, 'VUELTA', 421),
	(98, 1, 'VUELTA', 434),
	(99, 1, 'VUELTA', 447),
	(100, 1, 'VUELTA', 460),
	(101, 1, 'VUELTA', 473),
	(102, 1, 'VUELTA', 486),
	(103, 1, 'VUELTA', 499),
	(104, 1, 'VUELTA', 512),
	(105, 1, 'VUELTA', 525),
	(106, 1, 'VUELTA', 538),
	(107, 1, 'VUELTA', 551),
	(108, 1, 'VUELTA', 564),
	(109, 1, 'VUELTA', 577),
	(110, 1, 'VUELTA', 590),
	(111, 1, 'VUELTA', 603),
	(112, 1, 'VUELTA', 616),
	(113, 1, 'VUELTA', 629),
	(114, 1, 'VUELTA', 642),
	(115, 1, 'VUELTA', 655),
	(116, 1, 'VUELTA', 668),
	(117, 1, 'VUELTA', 681),
	(118, 1, 'VUELTA', 694),
	(119, 1, 'VUELTA', 707),
	(120, 1, 'VUELTA', 720),
	(121, 1, 'VUELTA', 733),
	(122, 1, 'VUELTA', 746),
	(123, 1, 'VUELTA', 759),
	(124, 1, 'VUELTA', 772),
	(125, 1, 'VUELTA', 785),
	(126, 1, 'VUELTA', 798),
	(127, 1, 'VUELTA', 811),
	(128, 1, 'VUELTA', 824),
	(129, 1, 'VUELTA', 837),
	(130, 1, 'VUELTA', 850),
	(131, 1, 'VUELTA', 863),
	(132, 1, 'VUELTA', 876),
	(133, 1, 'VUELTA', 889),
	(134, 1, 'VUELTA', 902),
	(135, 1, 'VUELTA', 915),
	(136, 1, 'VUELTA', 928),
	(137, 1, 'VUELTA', 941),
	(138, 1, 'VUELTA', 954),
	(139, 1, 'VUELTA', 967),
	(140, 1, 'VUELTA', 980),
	(141, 1, 'VUELTA', 993),
	(142, 1, 'VUELTA', 1006),
	(143, 1, 'VUELTA', 1019),
	(144, 1, 'VUELTA', 1032),
	(145, 1, 'VUELTA', 1045),
	(146, 1, 'VUELTA', 1058),
	(147, 1, 'VUELTA', 1071),
	(148, 1, 'VUELTA', 1084),
	(149, 1, 'VUELTA', 1097),
	(150, 1, 'VUELTA', 1110),
	(151, 1, 'VUELTA', 1123),
	(152, 1, 'VUELTA', 1136),
	(153, 1, 'VUELTA', 1149),
	(154, 1, 'VUELTA', 1162),
	(155, 1, 'VUELTA', 1175),
	(156, 1, 'VUELTA', 1188),
	(157, 1, 'VUELTA', 1201),
	(158, 1, 'VUELTA', 1214),
	(159, 1, 'VUELTA', 1227),
	(160, 1, 'VUELTA', 1240),
	(161, 1, 'VUELTA', 1253),
	(162, 1, 'VUELTA', 1266),
	(163, 1, 'VUELTA', 1279),
	(164, 1, 'VUELTA', 1292),
	(165, 1, 'VUELTA', 1305),
	(166, 1, 'VUELTA', 1318),
	(167, 1, 'VUELTA', 1331),
	(168, 1, 'VUELTA', 1344),
	(169, 1, 'VUELTA', 1357),
	(170, 1, 'VUELTA', 1370),
	(171, 1, 'VUELTA', 1383),
	(172, 1, 'VUELTA', 1396),
	(173, 1, 'VUELTA', 1409),
	(174, 1, 'VUELTA', 1422),
	(175, 1, 'VUELTA', 1435),
	(176, 1, 'VUELTA', 8),
	(177, 1, 'VUELTA', 21),
	(178, 1, 'VUELTA', 34),
	(179, 1, 'VUELTA', 47),
	(180, 1, 'VUELTA', 60),
	(181, 2, 'VUELTA', 330),
	(182, 2, 'VUELTA', 347),
	(183, 2, 'VUELTA', 364),
	(184, 2, 'VUELTA', 381),
	(185, 2, 'VUELTA', 398),
	(186, 2, 'VUELTA', 415),
	(187, 2, 'VUELTA', 432),
	(188, 2, 'VUELTA', 449),
	(189, 2, 'VUELTA', 466),
	(190, 2, 'VUELTA', 483),
	(191, 2, 'IDA', 1316),
	(192, 2, 'IDA', 1333),
	(193, 2, 'IDA', 1350),
	(194, 2, 'IDA', 1367),
	(195, 2, 'IDA', 1384),
	(196, 2, 'IDA', 1401),
	(197, 2, 'IDA', 1418),
	(198, 2, 'IDA', 1435),
	(199, 2, 'IDA', 12),
	(200, 2, 'IDA', 29),
	(201, 2, 'IDA', 46),
	(202, 3, 'IDA', 320),
	(203, 3, 'VUELTA', 342),
	(204, 3, 'IDA', 342),
	(205, 3, 'VUELTA', 364),
	(206, 3, 'IDA', 364),
	(207, 3, 'VUELTA', 386),
	(208, 3, 'IDA', 386),
	(209, 3, 'VUELTA', 408),
	(210, 3, 'IDA', 408),
	(211, 3, 'VUELTA', 430),
	(212, 3, 'IDA', 430),
	(213, 3, 'VUELTA', 452),
	(214, 3, 'IDA', 452),
	(215, 3, 'VUELTA', 474),
	(216, 3, 'IDA', 474),
	(217, 3, 'VUELTA', 496),
	(218, 3, 'IDA', 496),
	(219, 3, 'VUELTA', 518),
	(220, 3, 'IDA', 518),
	(221, 3, 'VUELTA', 540),
	(222, 3, 'IDA', 540),
	(223, 3, 'VUELTA', 562),
	(224, 3, 'IDA', 562),
	(225, 3, 'VUELTA', 584),
	(226, 3, 'IDA', 584),
	(227, 3, 'VUELTA', 606),
	(228, 3, 'IDA', 606),
	(229, 3, 'VUELTA', 628),
	(230, 3, 'IDA', 628),
	(231, 3, 'VUELTA', 650),
	(232, 3, 'IDA', 650),
	(233, 3, 'VUELTA', 672),
	(234, 3, 'IDA', 672),
	(235, 3, 'VUELTA', 694),
	(236, 3, 'IDA', 694),
	(237, 3, 'VUELTA', 716),
	(238, 3, 'IDA', 716),
	(239, 3, 'VUELTA', 738),
	(240, 3, 'IDA', 738),
	(241, 3, 'VUELTA', 760),
	(242, 3, 'IDA', 760),
	(243, 3, 'VUELTA', 782),
	(244, 3, 'IDA', 782),
	(245, 3, 'VUELTA', 804),
	(246, 3, 'IDA', 804),
	(247, 3, 'VUELTA', 826),
	(248, 3, 'IDA', 826),
	(249, 3, 'VUELTA', 848),
	(250, 3, 'IDA', 848),
	(251, 3, 'VUELTA', 870),
	(252, 3, 'IDA', 870),
	(253, 3, 'VUELTA', 892),
	(254, 3, 'IDA', 892),
	(255, 3, 'VUELTA', 914),
	(256, 3, 'IDA', 914),
	(257, 3, 'VUELTA', 936),
	(258, 3, 'IDA', 936),
	(259, 3, 'VUELTA', 958),
	(260, 3, 'IDA', 958),
	(261, 3, 'VUELTA', 980),
	(262, 3, 'IDA', 980),
	(263, 3, 'VUELTA', 1002),
	(264, 3, 'IDA', 1002),
	(265, 3, 'VUELTA', 1024),
	(266, 3, 'IDA', 1024),
	(267, 3, 'VUELTA', 1046),
	(268, 3, 'IDA', 1046),
	(269, 3, 'VUELTA', 1068),
	(270, 3, 'IDA', 1068),
	(271, 3, 'VUELTA', 1090),
	(272, 3, 'IDA', 1090),
	(273, 3, 'VUELTA', 1112),
	(274, 3, 'IDA', 1112),
	(275, 3, 'VUELTA', 1134),
	(276, 3, 'IDA', 1134),
	(277, 3, 'VUELTA', 1156),
	(278, 3, 'IDA', 1156),
	(279, 3, 'VUELTA', 1178),
	(280, 3, 'IDA', 1178),
	(281, 3, 'VUELTA', 1200),
	(282, 3, 'IDA', 1200),
	(283, 3, 'VUELTA', 1222),
	(284, 3, 'IDA', 1222),
	(285, 3, 'VUELTA', 1244),
	(286, 3, 'IDA', 1244),
	(287, 3, 'VUELTA', 1266),
	(288, 3, 'IDA', 1266),
	(289, 3, 'VUELTA', 1288),
	(290, 3, 'IDA', 1288),
	(291, 3, 'VUELTA', 1310),
	(292, 3, 'IDA', 1310),
	(293, 3, 'VUELTA', 1332),
	(294, 3, 'IDA', 1332),
	(295, 3, 'VUELTA', 1354),
	(296, 3, 'IDA', 1354),
	(297, 3, 'VUELTA', 1376),
	(298, 3, 'IDA', 1376),
	(299, 3, 'VUELTA', 1398),
	(300, 3, 'IDA', 1398),
	(301, 3, 'VUELTA', 1420),
	(302, 3, 'IDA', 1420),
	(303, 3, 'VUELTA', 2),
	(304, 3, 'IDA', 2),
	(305, 3, 'VUELTA', 24),
	(306, 3, 'IDA', 24),
	(307, 3, 'VUELTA', 46),
	(308, 3, 'IDA', 46),
	(309, 3, 'VUELTA', 68),
	(310, 4, 'IDA', 330),
	(311, 4, 'VUELTA', 358),
	(312, 4, 'IDA', 358),
	(313, 4, 'VUELTA', 386),
	(314, 4, 'IDA', 386),
	(315, 4, 'VUELTA', 414),
	(316, 4, 'IDA', 414),
	(317, 4, 'VUELTA', 442),
	(318, 4, 'IDA', 442),
	(319, 4, 'VUELTA', 470),
	(320, 4, 'IDA', 470),
	(321, 4, 'VUELTA', 498),
	(322, 4, 'IDA', 498),
	(323, 4, 'VUELTA', 526),
	(324, 4, 'IDA', 526),
	(325, 4, 'VUELTA', 554),
	(326, 4, 'IDA', 554),
	(327, 4, 'VUELTA', 582),
	(328, 4, 'IDA', 582),
	(329, 4, 'VUELTA', 610),
	(330, 4, 'IDA', 610),
	(331, 4, 'VUELTA', 638),
	(332, 4, 'IDA', 638),
	(333, 4, 'VUELTA', 666),
	(334, 4, 'IDA', 666),
	(335, 4, 'VUELTA', 694),
	(336, 4, 'IDA', 694),
	(337, 4, 'VUELTA', 722),
	(338, 4, 'IDA', 722),
	(339, 4, 'VUELTA', 750),
	(340, 4, 'IDA', 750),
	(341, 4, 'VUELTA', 778),
	(342, 4, 'IDA', 778),
	(343, 4, 'VUELTA', 806),
	(344, 4, 'IDA', 806),
	(345, 4, 'VUELTA', 834),
	(346, 4, 'IDA', 834),
	(347, 4, 'VUELTA', 862),
	(348, 4, 'IDA', 862),
	(349, 4, 'VUELTA', 890),
	(350, 4, 'IDA', 890),
	(351, 4, 'VUELTA', 918),
	(352, 4, 'IDA', 918),
	(353, 4, 'VUELTA', 946),
	(354, 4, 'IDA', 946),
	(355, 4, 'VUELTA', 974),
	(356, 4, 'IDA', 974),
	(357, 4, 'VUELTA', 1002),
	(358, 4, 'IDA', 1002),
	(359, 4, 'VUELTA', 1030),
	(360, 4, 'IDA', 1030),
	(361, 4, 'VUELTA', 1058),
	(362, 4, 'IDA', 1058),
	(363, 4, 'VUELTA', 1086),
	(364, 4, 'IDA', 1086),
	(365, 4, 'VUELTA', 1114),
	(366, 4, 'IDA', 1114),
	(367, 4, 'VUELTA', 1142),
	(368, 4, 'IDA', 1142),
	(369, 4, 'VUELTA', 1170),
	(370, 4, 'IDA', 1170),
	(371, 4, 'VUELTA', 1198),
	(372, 4, 'IDA', 1198),
	(373, 4, 'VUELTA', 1226),
	(374, 4, 'IDA', 1226),
	(375, 4, 'VUELTA', 1254),
	(376, 4, 'IDA', 1254),
	(377, 4, 'VUELTA', 1282),
	(378, 4, 'IDA', 1282),
	(379, 4, 'VUELTA', 1310),
	(380, 4, 'IDA', 1310),
	(381, 4, 'VUELTA', 1338),
	(382, 4, 'IDA', 1338),
	(383, 4, 'VUELTA', 1366),
	(384, 4, 'IDA', 1366),
	(385, 4, 'VUELTA', 1394),
	(386, 4, 'IDA', 1394),
	(387, 4, 'VUELTA', 1422),
	(388, 4, 'IDA', 1422),
	(389, 4, 'VUELTA', 10),
	(390, 4, 'IDA', 10),
	(391, 4, 'VUELTA', 38),
	(392, 4, 'IDA', 38),
	(393, 4, 'VUELTA', 66),
	(394, 5, 'VUELTA', 386),
	(395, 5, 'IDA', 386),
	(396, 5, 'VUELTA', 400),
	(397, 5, 'IDA', 400),
	(398, 5, 'VUELTA', 414),
	(399, 5, 'IDA', 414),
	(400, 5, 'VUELTA', 428),
	(401, 5, 'IDA', 428),
	(402, 5, 'VUELTA', 442),
	(403, 5, 'IDA', 442),
	(404, 5, 'VUELTA', 456),
	(405, 5, 'IDA', 456),
	(406, 5, 'VUELTA', 470),
	(407, 5, 'IDA', 470),
	(408, 5, 'VUELTA', 484),
	(409, 5, 'IDA', 484),
	(410, 5, 'VUELTA', 498),
	(411, 5, 'IDA', 498),
	(412, 5, 'VUELTA', 512),
	(413, 5, 'IDA', 512),
	(414, 5, 'VUELTA', 526),
	(415, 5, 'IDA', 526),
	(416, 5, 'VUELTA', 540),
	(417, 5, 'IDA', 540),
	(418, 5, 'VUELTA', 554),
	(419, 5, 'IDA', 554),
	(420, 5, 'VUELTA', 568),
	(421, 5, 'IDA', 568),
	(422, 5, 'IDA', 1002),
	(423, 5, 'VUELTA', 1016),
	(424, 5, 'IDA', 1016),
	(425, 5, 'VUELTA', 1030),
	(426, 5, 'IDA', 1030),
	(427, 5, 'VUELTA', 1044),
	(428, 5, 'IDA', 1044),
	(429, 5, 'VUELTA', 1058),
	(430, 5, 'IDA', 1058),
	(431, 5, 'VUELTA', 1072),
	(432, 5, 'IDA', 1072),
	(433, 5, 'VUELTA', 1086),
	(434, 5, 'IDA', 1086),
	(435, 5, 'VUELTA', 1100),
	(436, 5, 'IDA', 1100),
	(437, 5, 'VUELTA', 1114),
	(438, 5, 'IDA', 1114),
	(439, 5, 'VUELTA', 1128),
	(440, 5, 'IDA', 1128),
	(441, 5, 'VUELTA', 1142),
	(442, 5, 'IDA', 1142),
	(443, 5, 'VUELTA', 1156),
	(444, 5, 'IDA', 1156),
	(445, 5, 'VUELTA', 1170),
	(446, 5, 'IDA', 1170),
	(447, 5, 'VUELTA', 1184),
	(448, 5, 'IDA', 1184),
	(449, 5, 'VUELTA', 1198),
	(450, 5, 'IDA', 1198),
	(451, 5, 'VUELTA', 1212),
	(452, 5, 'IDA', 1212),
	(453, 5, 'VUELTA', 1226),
	(454, 5, 'IDA', 1226),
	(455, 5, 'VUELTA', 1240),
	(456, 5, 'IDA', 1240),
	(457, 5, 'VUELTA', 1254),
	(458, 5, 'IDA', 1254);
/*!40000 ALTER TABLE "trains" ENABLE KEYS */;

-- Dumping structure for table metro_soria.users
CREATE TABLE IF NOT EXISTS users(
    id INTEGER PRIMARY KEY AUTOINCREMENT,
    username VARCHAR(50) NOT NULL,
    password VARCHAR(50) NOT NULL,
    email VARCHAR(70) NOT NULL,
    saved_stations_id INTEGER,

    FOREIGN KEY (saved_stations_id) REFERENCES stops(id)
);

-- Dumping data for table metro_soria.users: 0 rows
DELETE FROM "users";
/*!40000 ALTER TABLE "users" DISABLE KEYS */;
/*!40000 ALTER TABLE "users" ENABLE KEYS */;

/*!40103 SET TIME_ZONE=IFNULL(@OLD_TIME_ZONE, 'system') */;
/*!40101 SET SQL_MODE=IFNULL(@OLD_SQL_MODE, '') */;
/*!40014 SET FOREIGN_KEY_CHECKS=IFNULL(@OLD_FOREIGN_KEY_CHECKS, 1) */;
/*!40101 SET CHARACTER_SET_CLIENT=@OLD_CHARACTER_SET_CLIENT */;
/*!40111 SET SQL_NOTES=IFNULL(@OLD_SQL_NOTES, 1) */;
